"Date","EVI"
2019-01-02,0.164604422747473
2019-01-03,0.164604332473778
2019-01-04,0.164604237992382
2019-01-05,0.164604139109397
2019-01-06,0.164604035622304
2019-01-07,0.164603927319616
2019-01-08,0.164603813980532
2019-01-09,0.164603695374578
2019-01-10,0.164603571261248
2019-01-11,0.164603441389642
2019-01-12,0.164603305498096
2019-01-13,0.164603163313816
2019-01-14,0.164603014552511
2019-01-15,0.164602858918032
2019-01-16,0.164602696102017
2019-01-17,0.164602525783548
2019-01-18,0.164602347628822
2019-01-19,0.16460216129084
2019-01-20,0.16460196640913
2019-01-21,0.164601762609495
2019-01-22,0.164601549503803
2019-01-23,0.164601326689829
2019-01-24,0.164601093751159
2019-01-25,0.16460085025716
2019-01-26,0.164600595763039
2019-01-27,0.164600329810012
2019-01-28,0.164600051925579
2019-01-29,0.164599761623953
2019-01-30,0.164599458406648
2019-01-31,0.164599141763268
2019-02-01,0.164598811172514
2019-02-02,0.164598466103457
2019-02-03,0.164598106017115
2019-02-04,0.164597730368383
2019-02-05,0.164597338608364
2019-02-06,0.164596930187175
2019-02-07,0.164596504557286
2019-02-08,0.164596061177486
2019-02-09,0.164595599517559
2019-02-10,0.164595119063775
2019-02-11,0.164594619325333
2019-02-12,0.164594099841864
2019-02-13,0.164593560192181
2019-02-14,0.164593000004439
2019-02-15,0.164592418967902
2019-02-16,0.164591816846568
2019-02-17,0.164591193494897
2019-02-18,0.164590548875959
2019-02-19,0.164589883082328
2019-02-20,0.164589196360124
2019-02-21,0.164588489136646
2019-02-22,0.164587762052089
2019-02-23,0.164587015995935
2019-02-24,0.164586252148668
2019-02-25,0.164585472029547
2019-02-26,0.164584677551302
2019-02-27,0.164583871082697
2019-02-28,0.164583055520079
2019-03-01,0.164582234369138
2019-03-02,0.164581411838313
2019-03-03,0.164580592945451
2019-03-04,0.16457978363956
2019-03-05,0.164578990939736
2019-03-06,0.164578223093648
2019-03-07,0.164577489758276
2019-03-08,0.164576802205977
2019-03-09,0.164576173559364
2019-03-10,0.164575619058979
2019-03-11,0.164575156368269
2019-03-12,0.16457480592099
2019-03-13,0.164574591316891
2019-03-14,0.164574539772291
2019-03-15,0.164574682633101
2019-03-16,0.164575055958852
2019-03-17,0.164575701187465
2019-03-18,0.164576665891829
2019-03-19,0.164578004640753
2019-03-20,0.164579779978582
2019-03-21,0.164582063539682
2019-03-22,0.164584937316232
2019-03-23,0.164588495100224
2019-03-24,0.164592844123445
2019-03-25,0.164598106922362
2019-03-26,0.16460442345853
2019-03-27,0.164611953529203
2019-03-28,0.164620879507501
2019-03-29,0.164631409456751
2019-03-30,0.164643780669537
2019-03-31,0.164658263688726
2019-04-01,0.164675166875272
2019-04-02,0.164694841596118
2019-04-03,0.164717688115082
2019-04-04,0.164744162280349
2019-04-05,0.16477478311422
2019-04-06,0.164810141424222
2019-04-07,0.164850909569665
2019-04-08,0.164897852534394
2019-04-09,0.164951840474948
2019-04-10,0.16501386293366
2019-04-11,0.165085044928577
2019-04-12,0.165166665156381
2019-04-13,0.165260176570816
2019-04-14,0.165367229627352
2019-04-15,0.165489698514644
2019-04-16,0.16562971072451
2019-04-17,0.165789680343948
2019-04-18,0.165972345484311
2019-04-19,0.166180810292824
2019-04-20,0.166418592018485
2019-04-21,0.166689673625504
2019-04-22,0.166998562459703
2019-04-23,0.167350355472435
2019-04-24,0.167750811487015
2019-04-25,0.168206430947416
2019-04-26,0.168724543508931
2019-04-27,0.169313403704486
2019-04-28,0.169982294734245
2019-04-29,0.170741640163145
2019-04-30,0.171603122950648
2019-05-01,0.172579810755435
2019-05-02,0.173686285827697
2019-05-03,0.174938776992974
2019-05-04,0.176355290212489
2019-05-05,0.177955732944498
2019-05-06,0.179762026002848
2019-05-07,0.181798194795984
2019-05-08,0.184090429733702
2019-05-09,0.186667103240648
2019-05-10,0.189558728288973
2019-05-11,0.192797840792781
2019-05-12,0.196418785809645
2019-05-13,0.200457385585856
2019-05-14,0.20495046649559
2019-05-15,0.209935222416639
2019-05-16,0.21544839472498
2019-05-17,0.221525254615077
2019-05-18,0.228198382586315
2019-05-19,0.235496253252923
2019-05-20,0.243441651371409
2019-05-21,0.252049966800903
2019-05-22,0.261327440869691
2019-05-23,0.271269462160889
2019-05-24,0.281859032831323
2019-05-25,0.293065543123313
2019-05-26,0.304843997181237
2019-05-27,0.317134823483142
2019-05-28,0.329864375398266
2019-05-29,0.342946181326564
2019-05-30,0.356282942584086
2019-05-31,0.369769207134702
2019-06-01,0.383294577668377
2019-06-02,0.396747253849054
2019-06-03,0.410017670373778
2019-06-04,0.423001981336916
2019-06-05,0.43560515922976
2019-06-06,0.447743520614378
2019-06-07,0.459346552672226
2019-06-08,0.470357985460949
2019-06-09,0.480736123468093
2019-06-10,0.490453508232843
2019-06-11,0.49949602572998
2019-06-12,0.507861595665919
2019-06-13,0.515558585751491
2019-06-14,0.522604085564668
2019-06-15,0.529022156134376
2019-06-16,0.534842147363275
2019-06-17,0.540097149800614
2019-06-18,0.544822623051981
2019-06-19,0.549055222178404
2019-06-20,0.552831826730228
2019-06-21,0.556188764760744
2019-06-22,0.559161215935586
2019-06-23,0.561782773071848
2019-06-24,0.564085139368542
2019-06-25,0.566097938500046
2019-06-26,0.567848615991996
2019-06-27,0.569362412356578
2019-06-28,0.570662390926288
2019-06-29,0.57176950590115
2019-06-30,0.572702698618858
2019-07-01,0.573479012351548
2019-07-02,0.574113717964232
2019-07-03,0.574620444515788
2019-07-04,0.575011310347278
2019-07-05,0.575297051403902
2019-07-06,0.575487144504095
2019-07-07,0.575589924033631
2019-07-08,0.575612691135629
2019-07-09,0.575561814918552
2019-07-10,0.575442825540209
2019-07-11,0.575260499269456
2019-07-12,0.575018935798305
2019-07-13,0.574721628191695
2019-07-14,0.57437152593365
2019-07-15,0.573971091567546
2019-07-16,0.573522351443347
2019-07-17,0.57302694108259
2019-07-18,0.572486145657802
2019-07-19,0.5719009360609
2019-07-20,0.571272001008023
2019-07-21,0.570599775598245
2019-07-22,0.569884466712635
2019-07-23,0.569126075609008
2019-07-24,0.568324418037584
2019-07-25,0.567479142173915
2019-07-26,0.566589744638366
2019-07-27,0.565655584846263
2019-07-28,0.56467589790959
2019-07-29,0.563649806289927
2019-07-30,0.562576330382947
2019-07-31,0.561454398197364
2019-08-01,0.560282854275327
2019-08-02,0.559060467987065
2019-08-03,0.557785941319689
2019-08-04,0.5564579162685
2019-08-05,0.555074981928644
2019-08-06,0.553635681375484
2019-08-07,0.55213851841338
2019-08-08,0.550581964264617
2019-08-09,0.548964464262868
2019-08-10,0.547284444608669
2019-08-11,0.545540319237878
2019-08-12,0.543730496847814
2019-08-13,0.541853388119721
2019-08-14,0.539907413170183
2019-08-15,0.537891009258188
2019-08-16,0.535802638768509
2019-08-17,0.533640797485982
2019-08-18,0.531404023169008
2019-08-19,0.529090904424159
2019-08-20,0.526700089877157
2019-08-21,0.524230297628633
2019-08-22,0.521680324975986
2019-08-23,0.519049058375411
2019-08-24,0.516335483610698
2019-08-25,0.513538696127819
2019-08-26,0.510657911486669
2019-08-27,0.507692475873639
2019-08-28,0.504641876611163
2019-08-29,0.501505752592922
2019-08-30,0.498283904566384
2019-08-31,0.494976305177638
2019-09-01,0.491583108687473
2019-09-02,0.488104660262272
2019-09-03,0.484541504738854
2019-09-04,0.480894394759
2019-09-05,0.477164298167166
2019-09-06,0.473352404564068
2019-09-07,0.469460130909422
2019-09-08,0.465489126069431
2019-09-09,0.461441274208545
2019-09-10,0.457318696930838
2019-09-11,0.453123754083934
2019-09-12,0.448859043147931
2019-09-13,0.444527397143036
2019-09-14,0.440131881002683
2019-09-15,0.435675786373592
2019-09-16,0.431162624820351
2019-09-17,0.42659611942951
2019-09-18,0.421980194826555
2019-09-19,0.417318965638249
2019-09-20,0.412616723452295
2019-09-21,0.407877922345809
2019-09-22,0.403107163073246
2019-09-23,0.39830917602288
2019-09-24,0.393488803068302
2019-09-25,0.388650978457266
2019-09-26,0.383800708894289
2019-09-27,0.378943052985375
2019-09-28,0.37408310022275
2019-09-29,0.369225949694471
2019-09-30,0.364376688707927
2019-10-01,0.359540371517522
2019-10-02,0.354721998345295
2019-10-03,0.34992649487867
2019-10-04,0.345158692422418
2019-10-05,0.340423308871986
2019-10-06,0.33572493066324
2019-10-07,0.331067995839345
2019-10-08,0.326456778359448
2019-10-09,0.321895373756328
2019-10-10,0.317387686231622
2019-10-11,0.312937417257968
2019-10-12,0.308548055737859
2019-10-13,0.304222869749516
2019-10-14,0.299964899890975
2019-10-15,0.295776954215264
2019-10-16,0.291661604732212
2019-10-17,0.28762118543635
2019-10-18,0.283657791805829
2019-10-19,0.279773281704286
2019-10-20,0.275969277606422
2019-10-21,0.272247170058663
2019-10-22,0.268608122278727
2019-10-23,0.265053075792225
2019-10-24,0.261582757000471
2019-10-25,0.258197684571434
2019-10-26,0.254898177545135
2019-10-27,0.251684364045547
2019-10-28,0.248556190493221
2019-10-29,0.245513431216093
2019-10-30,0.242555698360216
2019-10-31,0.239682452007249
2019-11-01,0.236893010411298
2019-11-02,0.234186560274002
2019-11-03,0.23156216698338
2019-11-04,0.229018784748871
2019-11-05,0.226555266571946
2019-11-06,0.224170373998666
2019-11-07,0.221862786607444
2019-11-08,0.219631111191927
2019-11-09,0.21747389060535
2019-11-10,0.215389612238835
2019-11-11,0.213376716111808
2019-11-12,0.211433602558121
2019-11-13,0.209558639496328
2019-11-14,0.207750169277125
2019-11-15,0.206006515104998
2019-11-16,0.204325987034762
2019-11-17,0.202706887546915
2019-11-18,0.201147516708492
2019-11-19,0.199646176928569
2019-11-20,0.198201177319563
2019-11-21,0.19681083767724
2019-11-22,0.195473492093644
2019-11-23,0.194187492218333
2019-11-24,0.192951210184054
2019-11-25,0.191763041213627
2019-11-26,0.190621405925126
2019-11-27,0.18952475235265
2019-11-28,0.188471557699954
2019-11-29,0.187460329844095
2019-11-30,0.186489608605963
2019-12-01,0.185557966804209
2019-12-02,0.184664011108616
2019-12-03,0.18380638270844
2019-12-04,0.182983757810659
2019-12-05,0.182194847982446
2019-12-06,0.181438400351513
2019-12-07,0.180713197677307
2019-12-08,0.180018058305348
2019-12-09,0.179351836016281
2019-12-10,0.178713419780568
2019-12-11,0.178101733429008
2019-12-12,0.177515735248647
2019-12-13,0.176954417512963
2019-12-14,0.176416805954587
2019-12-15,0.175901959188207
2019-12-16,0.175408968090718
2019-12-17,0.174936955145125
2019-12-18,0.174485073754172
2019-12-19,0.174052507529154
2019-12-20,0.173638469558919
2019-12-21,0.173242201663588
2019-12-22,0.172862973637114
2019-12-23,0.172500082482408
2019-12-24,0.172152851642379
2019-12-25,0.171820630229911
2019-12-26,0.171502792259446
2019-12-27,0.171198735882587
2019-12-28,0.170907882629835
2019-12-29,0.170629676660317
2019-12-30,0.170363584021149
2019-12-31,0.170109091917861
2020-01-01,0.169865707997081
2020-01-02,0.131827985134886
2020-01-03,0.131827963640946
2020-01-04,0.131827941664717
2020-01-05,0.131827919237278
2020-01-06,0.131827896396375
2020-01-07,0.131827873187226
2020-01-08,0.131827849663413
2020-01-09,0.131827825887862
2020-01-10,0.131827801933926
2020-01-11,0.131827777886578
2020-01-12,0.131827753843728
2020-01-13,0.13182772991767
2020-01-14,0.131827706236675
2020-01-15,0.131827682946752
2020-01-16,0.131827660213574
2020-01-17,0.131827638224605
2020-01-18,0.131827617191433
2020-01-19,0.131827597352341
2020-01-20,0.131827578975125
2020-01-21,0.131827562360192
2020-01-22,0.131827547843967
2020-01-23,0.131827535802626
2020-01-24,0.1318275266562
2020-01-25,0.131827520873078
2020-01-26,0.131827518974943
2020-01-27,0.131827521542194
2020-01-28,0.131827529219891
2020-01-29,0.131827542724268
2020-01-30,0.131827562849882
2020-01-31,0.13182759047745
2020-02-01,0.131827626582429
2020-02-02,0.131827672244431
2020-02-03,0.13182772865753
2020-02-04,0.131827797141562
2020-02-05,0.131827879154493
2020-02-06,0.131827976305976
2020-02-07,0.131828090372192
2020-02-08,0.131828223312102
2020-02-09,0.13182837728524
2020-02-10,0.131828554671196
2020-02-11,0.13182875809094
2020-02-12,0.131828990430162
2020-02-13,0.131829254864818
2020-02-14,0.131829554889083
2020-02-15,0.131829894345942
2020-02-16,0.131830277460659
2020-02-17,0.131830708877394
2020-02-18,0.131831193699257
2020-02-19,0.131831737532131
2020-02-20,0.131832346532596
2020-02-21,0.131833027460349
2020-02-22,0.131833787735534
2020-02-23,0.131834635501431
2020-02-24,0.131835579693008
2020-02-25,0.131836630111882
2020-02-26,0.131837797508267
2020-02-27,0.131839093670575
2020-02-28,0.131840531523365
2020-02-29,0.131842125234416
2020-03-01,0.131843890331766
2020-03-02,0.131845843831638
2020-03-03,0.131848004378255
2020-03-04,0.131850392396643
2020-03-05,0.131853030259618
2020-03-06,0.131855942470258
2020-03-07,0.131859155861292
2020-03-08,0.131862699812956
2020-03-09,0.13186660649101
2020-03-10,0.13187091110677
2020-03-11,0.131875652201173
2020-03-12,0.131880871955065
2020-03-13,0.131886616528125
2020-03-14,0.131892936429031
2020-03-15,0.131899886919715
2020-03-16,0.131907528456828
2020-03-17,0.131915927173769
2020-03-18,0.131925155407
2020-03-19,0.131935292270624
2020-03-20,0.131946424283617
2020-03-21,0.131958646054457
2020-03-22,0.131972061028313
2020-03-23,0.131986782302428
2020-03-24,0.132002933515799
2020-03-25,0.132020649819786
2020-03-26,0.132040078936859
2020-03-27,0.132061382315306
2020-03-28,0.13208473638838
2020-03-29,0.132110333947067
2020-03-30,0.132138385636442
2020-03-31,0.132169121586366
2020-04-01,0.132202793188166
2020-04-02,0.132239675029875
2020-04-03,0.132280067003572
2020-04-04,0.132324296599429
2020-04-05,0.132372721402179
2020-04-06,0.132425731806845
2020-04-07,0.132483753971838
2020-04-08,0.132547253028738
2020-04-09,0.132616736569413
2020-04-10,0.132692758432445
2020-04-11,0.132775922812183
2020-04-12,0.132866888715105
2020-04-13,0.132966374789472
2020-04-14,0.133075164555566
2020-04-15,0.133194112064961
2020-04-16,0.133324148018355
2020-04-17,0.133466286372352
2020-04-18,0.133621631466217
2020-04-19,0.133791385699909
2020-04-20,0.133976857794578
2020-04-21,0.134179471666026
2020-04-22,0.134400775940309
2020-04-23,0.134642454138455
2020-04-24,0.134906335554076
2020-04-25,0.135194406843228
2020-04-26,0.135508824339878
2020-04-27,0.135851927102666
2020-04-28,0.136226250688723
2020-04-29,0.136634541637967
2020-04-30,0.13707977263597
2020-05-01,0.137565158304732
2020-05-02,0.138094171548031
2020-05-03,0.138670560350792
2020-05-04,0.139298364899565
2020-05-05,0.139981934853104
2020-05-06,0.140725946547502
2020-05-07,0.141535419868763
2020-05-08,0.142415734466531
2020-05-09,0.143372644915426
2020-05-10,0.144412294354813
2020-05-11,0.145541226053748
2020-05-12,0.146766392255661
2020-05-13,0.148095159557697
2020-05-14,0.149535309974092
2020-05-15,0.151095036723436
2020-05-16,0.152782933669486
2020-05-17,0.154607977238445
2020-05-18,0.156579499538027
2020-05-19,0.158707151322231
2020-05-20,0.161000853389493
2020-05-21,0.163470734981156
2020-05-22,0.166127057774463
2020-05-23,0.168980124153107
2020-05-24,0.172040168603811
2020-05-25,0.175317231344599
2020-05-26,0.178821013654163
2020-05-27,0.182560714854701
2020-05-28,0.186544851511846
2020-05-29,0.190781060158125
2020-05-30,0.195275885715843
2020-05-31,0.200034558776049
2020-06-01,0.205060765954079
2020-06-02,0.210356418646322
2020-06-03,0.215921426599387
2020-06-04,0.221753483698889
2020-06-05,0.227847874205656
2020-06-06,0.234197308219559
2020-06-07,0.240791795341869
2020-06-08,0.247618565250696
2020-06-09,0.254662043134034
2020-06-10,0.261903886603998
2020-06-11,0.269323088846609
2020-06-12,0.276896150393423
2020-06-13,0.284597319134315
2020-06-14,0.292398895172707
2020-06-15,0.300271594042922
2020-06-16,0.308184958876351
2020-06-17,0.316107809536695
2020-06-18,0.3240087147457
2020-06-19,0.331856471952432
2020-06-20,0.339620579267
2020-06-21,0.347271684220125
2020-06-22,0.354781995386076
2020-06-23,0.362125644911625
2020-06-24,0.369278992564782
2020-06-25,0.376220864852566
2020-06-26,0.38293272583921
2020-06-27,0.389398779312751
2020-06-28,0.39560600471189
2020-06-29,0.401544131588845
2020-06-30,0.407205559248216
2020-07-01,0.41258522951768
2020-07-02,0.417680461371399
2020-07-03,0.422490756378985
2020-07-04,0.427017583758498
2020-07-05,0.43126415325682
2020-07-06,0.435235183258345
2020-07-07,0.438936670525941
2020-07-08,0.442375666891484
2020-07-09,0.445560067109629
2020-07-10,0.448498411025673
2020-07-11,0.451199702229023
2020-07-12,0.453673244495973
2020-07-13,0.455928496584461
2020-07-14,0.45797494533407
2020-07-15,0.459821996543364
2020-07-16,0.461478882734675
2020-07-17,0.46295458666092
2020-07-18,0.464257779245151
2020-07-19,0.465396770556166
2020-07-20,0.466379472397631
2020-07-21,0.467213371110161
2020-07-22,0.467905509243273
2020-07-23,0.468462474836715
2020-07-24,0.468890397149339
2020-07-25,0.469194947781544
2020-07-26,0.46938134624857
2020-07-27,0.46945436917242
2020-07-28,0.469418362366797
2020-07-29,0.469277255189993
2020-07-30,0.469034576633804
2020-07-31,0.468693472701492
2020-08-01,0.468256724704239
2020-08-02,0.467726768173509
2020-08-03,0.467105712146496
2020-08-04,0.466395358633865
2020-08-05,0.465597222123784
2020-08-06,0.46471254901444
2020-08-07,0.463742336899374
2020-08-08,0.462687353656744
2020-08-09,0.4615481563155
2020-08-10,0.460325109689011
2020-08-11,0.459018404780441
2020-08-12,0.457628076974451
2020-08-13,0.4561540240371
2020-08-14,0.454596023950421
2020-08-15,0.452953752610353
2020-08-16,0.451226801416746
2020-08-17,0.449414694782349
2020-08-18,0.447516907584079
2020-08-19,0.445532882574807
2020-08-20,0.443462047767345
2020-08-21,0.44130383379465
2020-08-22,0.439057691241392
2020-08-23,0.43672310793231
2020-08-24,0.434299626152193
2020-08-25,0.431786859761148
2020-08-26,0.429184511157177
2020-08-27,0.42649238802613
2020-08-28,0.423710419807153
2020-08-29,0.420838673789901
2020-08-30,0.417877370748367
2020-08-31,0.414826900005448
2020-09-01,0.411687833812539
2020-09-02,0.40846094091988
2020-09-03,0.405147199206353
2020-09-04,0.401747807232157
2020-09-05,0.398264194574701
2020-09-06,0.394698030807262
2020-09-07,0.391051232981809
2020-09-08,0.387325971482028
2020-09-09,0.383524674120196
2020-09-10,0.379650028362167
2020-09-11,0.375704981578474
2020-09-12,0.371692739236267
2020-09-13,0.367616760966448
2020-09-14,0.363480754462612
2020-09-15,0.359288667193123
2020-09-16,0.3550446759342
2020-09-17,0.350753174160072
2020-09-18,0.346418757355327
2020-09-19,0.342046206344013
2020-09-20,0.337640468759254
2020-09-21,0.333206638805334
2020-09-22,0.328749935490834
2020-09-23,0.324275679535744
2020-09-24,0.319789269176907
2020-09-25,0.315296155114208
2020-09-26,0.310801814853961
2020-09-27,0.306311726715813
2020-09-28,0.301831343774678
2020-09-29,0.297366068009777
2020-09-30,0.292921224928638
2020-10-01,0.288502038925121
2020-10-02,0.284113609617284
2020-10-03,0.279760889393676
2020-10-04,0.275448662375751
2020-10-05,0.271181524980186
2020-10-06,0.266963868238439
2020-10-07,0.262799862002664
2020-10-08,0.258693441137671
2020-10-09,0.254648293768681
2020-10-10,0.2506678516249
2020-10-11,0.246755282489856
2020-10-12,0.242913484741802
2020-10-13,0.239145083941526
2020-10-14,0.235452431401285
2020-10-15,0.231837604647369
2020-10-16,0.228302409670499
2020-10-17,0.224848384842815
2020-10-18,0.22147680636781
2020-10-19,0.218188695120195
2020-10-20,0.214984824726171
2020-10-21,0.211865730730984
2020-10-22,0.20883172069954
2020-10-23,0.20588288509721
2020-10-24,0.203019108801416
2020-10-25,0.200240083099896
2020-10-26,0.197545318038433
2020-10-27,0.194934154988978
2020-10-28,0.192405779318268
2020-10-29,0.189959233046898
2020-10-30,0.187593427399203
2020-10-31,0.185307155154891
2020-11-01,0.183099102724028
2020-11-02,0.18096786187751
2020-11-03,0.178911941075373
2020-11-04,0.176929776345126
2020-11-05,0.17501974167156
2020-11-06,0.173180158868223
2020-11-07,0.17140930690878
2020-11-08,0.169705430703837
2020-11-09,0.168066749315471
2020-11-10,0.166491463607639
2020-11-11,0.1649777633359
2020-11-12,0.163523833684407
2020-11-13,0.162127861262085
2020-11-14,0.160788039573142
2020-11-15,0.159502573979841
2020-11-16,0.158269686177574
2020-11-17,0.157087618204037
2020-11-18,0.155954636005513
2020-11-19,0.154869032584156
2020-11-20,0.153829130750668
2020-11-21,0.152833285506973
2020-11-22,0.151879886083413
2020-11-23,0.150967357654737
2020-11-24,0.150094162758629
2020-11-25,0.149258802439937
2020-11-26,0.148459817142944
2020-11-27,0.14769578737322
2020-11-28,0.146965334149592
2020-11-29,0.146267119265809
2020-11-30,0.145599845380442
2020-12-01,0.144962255952486
2020-12-02,0.144353135039084
2020-12-03,0.143771306970748
2020-12-04,0.143215635918376
2020-12-05,0.142685025365384
2020-12-06,0.142178417497265
2020-12-07,0.141694792519936
2020-12-08,0.141233167917317
2020-12-09,0.140792597657727
2020-12-10,0.140372171357837
2020-12-11,0.139971013412144
2020-12-12,0.139588282095193
2020-12-13,0.139223168643082
2020-12-14,0.138874896320118
2020-12-15,0.138542719475932
2020-12-16,0.138225922597743
2020-12-17,0.137923819361984
2020-12-18,0.137635751689002
2020-12-19,0.137361088804113
2020-12-20,0.13709922630787
2020-12-21,0.136849585258046
2020-12-22,0.136611611265486
2020-12-23,0.136384773605665
2020-12-24,0.136168564347526
2020-12-25,0.135962497500891
2020-12-26,0.135766108183533
2020-12-27,0.135578951808763
2020-12-28,0.135400603294222
2020-12-29,0.135230656292383
2020-12-30,0.135068722443132
2020-12-31,0.134914430648649
2021-01-02,0.148795842065189
2021-01-03,0.148796000599879
2021-01-04,0.148796172146561
2021-01-05,0.148796357756479
2021-01-06,0.148796558565001
2021-01-07,0.14879677579831
2021-01-08,0.148797010780625
2021-01-09,0.148797264941997
2021-01-10,0.148797539826719
2021-01-11,0.148797837102405
2021-01-12,0.148798158569786
2021-01-13,0.148798506173285
2021-01-14,0.148798882012423
2021-01-15,0.148799288354133
2021-01-16,0.148799727646046
2021-01-17,0.148800202530829
2021-01-18,0.148800715861655
2021-01-19,0.148801270718903
2021-01-20,0.148801870428167
2021-01-21,0.148802518579701
2021-01-22,0.148803219049393
2021-01-23,0.148803976021396
2021-01-24,0.148804794012557
2021-01-25,0.148805677898763
2021-01-26,0.148806632943375
2021-01-27,0.148807664827906
2021-01-28,0.148808779685124
2021-01-29,0.148809984134758
2021-01-30,0.148811285322036
2021-01-31,0.148812690959253
2021-02-01,0.148814209370621
2021-02-02,0.148815849540655
2021-02-03,0.148817621166378
2021-02-04,0.148819534713637
2021-02-05,0.148821601477854
2021-02-06,0.148823833649572
2021-02-07,0.148826244385154
2021-02-08,0.14882884788305
2021-02-09,0.148831659466071
2021-02-10,0.148834695670135
2021-02-11,0.148837974339982
2021-02-12,0.148841514732431
2021-02-13,0.148845337627738
2021-02-14,0.148849465449707
2021-02-15,0.14885392239523
2021-02-16,0.148858734573988
2021-02-17,0.148863930159118
2021-02-18,0.148869539549681
2021-02-19,0.148875595545863
2021-02-20,0.148882133537887
2021-02-21,0.148889191709709
2021-02-22,0.148896811258634
2021-02-23,0.148905036632086
2021-02-24,0.148913915782858
2021-02-25,0.148923500444261
2021-02-26,0.148933846426704
2021-02-27,0.148945013937355
2021-02-28,0.14895706792464
2021-03-01,0.148970078449481
2021-03-02,0.148984121085317
2021-03-03,0.148999277349079
2021-03-04,0.149015635165475
2021-03-05,0.149033289367102
2021-03-06,0.149052342233053
2021-03-07,0.149072904068944
2021-03-08,0.149095093831404
2021-03-09,0.149119039800361
2021-03-10,0.149144880302643
2021-03-11,0.149172764490646
2021-03-12,0.14920285318012
2021-03-13,0.149235319751324
2021-03-14,0.149270351118131
2021-03-15,0.149308148769935
2021-03-16,0.149348929891492
2021-03-17,0.149392928566183
2021-03-18,0.149440397068464
2021-03-19,0.149491607251628
2021-03-20,0.149546852037319
2021-03-21,0.149606447013595
2021-03-22,0.149670732148649
2021-03-23,0.149740073627673
2021-03-24,0.149814865820617
2021-03-25,0.149895533388966
2021-03-26,0.1499825335399
2021-03-27,0.150076358436478
2021-03-28,0.150177537772699
2021-03-29,0.150286641522448
2021-03-30,0.150404282871429
2021-03-31,0.150531121341193
2021-04-01,0.150667866114263
2021-04-02,0.150815279569131
2021-04-03,0.150974181033513
2021-04-04,0.15114545076368
2021-04-05,0.151330034156868
2021-04-06,0.151528946202744
2021-04-07,0.151743276178485
2021-04-08,0.151974192590339
2021-04-09,0.152222948362364
2021-04-10,0.152490886270387
2021-04-11,0.152779444616042
2021-04-12,0.153090163131885
2021-04-13,0.153424689104022
2021-04-14,0.153784783693245
2021-04-15,0.154172328429379
2021-04-16,0.154589331846111
2021-04-17,0.155037936215057
2021-04-18,0.155520424327986
2021-04-19,0.156039226264896
2021-04-20,0.156596926072892
2021-04-21,0.157196268266462
2021-04-22,0.157840164043647
2021-04-23,0.158531697094753
2021-04-24,0.159274128860542
2021-04-25,0.160070903075332
2021-04-26,0.1609256494072
2021-04-27,0.161842185982606
2021-04-28,0.162824520556562
2021-04-29,0.163876850062291
2021-04-30,0.165003558246598
2021-05-01,0.16620921106977
2021-05-02,0.167498549522378
2021-05-03,0.168876479487187
2021-05-04,0.170348058253722
2021-05-05,0.171918477277556
2021-05-06,0.173593040768004
2021-05-07,0.175377139688762
2021-05-08,0.177276220768618
2021-05-09,0.179295750146314
2021-05-10,0.181441171317786
2021-05-11,0.183717857118175
2021-05-12,0.186131055557969
2021-05-13,0.188685829444864
2021-05-14,0.19138698986234
2021-05-15,0.19423902374366
2021-05-16,0.197246015976137
2021-05-17,0.200411566693503
2021-05-18,0.203738704661027
2021-05-19,0.207229797923239
2021-05-20,0.210886463160216
2021-05-21,0.214709475475206
2021-05-22,0.218698680601461
2021-05-23,0.222852911754756
2021-05-24,0.227169913553636
2021-05-25,0.23164627556463
2021-05-26,0.23627737808681
2021-05-27,0.241057352753083
2021-05-28,0.24597906038097
2021-05-29,0.251034088243924
2021-05-30,0.256212768552206
2021-05-31,0.261504219433101
2021-06-01,0.266896409095331
2021-06-02,0.272376243171249
2021-06-03,0.277929674479915
2021-06-04,0.283541833678499
2021-06-05,0.289197178507033
2021-06-06,0.294879658623306
2021-06-07,0.30057289241082
2021-06-08,0.306260351659363
2021-06-09,0.311925549694486
2021-06-10,0.31755222838903
2021-06-11,0.323124539535841
2021-06-12,0.328627216293046
2021-06-13,0.334045730817219
2021-06-14,0.339366434750484
2021-06-15,0.344576679892055
2021-06-16,0.349664917124259
2021-06-17,0.35462077243697
2021-06-18,0.359435099662386
2021-06-19,0.364100010257729
2021-06-20,0.368608881125795
2021-06-21,0.372956342018925
2021-06-22,0.377138244515306
2021-06-23,0.381151614880245
2021-06-24,0.384994593329151
2021-06-25,0.388666362300048
2021-06-26,0.39216706633289
2021-06-27,0.395497726055893
2021-06-28,0.398660148612431
2021-06-29,0.401656836643501
2021-06-30,0.404490897687375
2021-07-01,0.407165955585595
2021-07-02,0.4096860652066
2021-07-03,0.412055631526387
2021-07-04,0.414279333848536
2021-07-05,0.416362055710205
2021-07-06,0.418308820810472
2021-07-07,0.420124735115037
2021-07-08,0.421814935137448
2021-07-09,0.423384542271057
2021-07-10,0.424838622946312
2021-07-11,0.426182154312503
2021-07-12,0.427419995089096
2021-07-13,0.428556861196474
2021-07-14,0.429597305756398
2021-07-15,0.430545703046123
2021-07-16,0.431406235994177
2021-07-17,0.432182886818124
2021-07-18,0.432879430423077
2021-07-19,0.433499430202528
2021-07-20,0.434046235908787
2021-07-21,0.434522983287638
2021-07-22,0.434932595199863
2021-07-23,0.435277783980144
2021-07-24,0.43556105481104
2021-07-25,0.435784709915765
2021-07-26,0.435950853398035
2021-07-27,0.436061396580209
2021-07-28,0.436118063712098
2021-07-29,0.436122397942206
2021-07-30,0.436075767460769
2021-07-31,0.435979371739845
2021-08-01,0.435834247809958
2021-08-02,0.435641276525484
2021-08-03,0.435401188782282
2021-08-04,0.43511457166098
2021-08-05,0.43478187447816
2021-08-06,0.434403414735285
2021-08-07,0.433979383962003
2021-08-08,0.433509853456222
2021-08-09,0.432994779928426
2021-08-10,0.432434011062055
2021-08-11,0.43182729100547
2021-08-12,0.431174265814181
2021-08-13,0.43047448886468
2021-08-14,0.429727426263368
2021-08-15,0.428932462275835
2021-08-16,0.428088904803094
2021-08-17,0.427195990932326
2021-08-18,0.426252892590273
2021-08-19,0.425258722327655
2021-08-20,0.424212539262795
2021-08-21,0.423113355212141
2021-08-22,0.421960141034407
2021-08-23,0.42075183321373
2021-08-24,0.419487340705478
2021-08-25,0.418165552066082
2021-08-26,0.416785342885599
2021-08-27,0.415345583538494
2021-08-28,0.41384514726439
2021-08-29,0.41228291858629
2021-08-30,0.410657802068951
2021-08-31,0.408968731414709
2021-09-01,0.407214678888126
2021-09-02,0.405394665054346
2021-09-03,0.40350776880907
2021-09-04,0.401553137670547
2021-09-05,0.399529998296115
2021-09-06,0.397437667177551
2021-09-07,0.39527556146097
2021-09-08,0.393043209828358
2021-09-09,0.390740263369141
2021-09-10,0.388366506361629
2021-09-11,0.385921866875939
2021-09-12,0.383406427102239
2021-09-13,0.38082043330109
2021-09-14,0.378164305266529
2021-09-15,0.3754386451875
2021-09-16,0.372644245789578
2021-09-17,0.369782097636861
2021-09-18,0.366853395473588
2021-09-19,0.363859543486705
2021-09-20,0.36080215937443
2021-09-21,0.357683077111913
2021-09-22,0.354504348313508
2021-09-23,0.351268242101972
2021-09-24,0.347977243408033
2021-09-25,0.344634049639194
2021-09-26,0.341241565674158
2021-09-27,0.337802897158656
2021-09-28,0.334321342099508
2021-09-29,0.330800380775977
2021-09-30,0.327243664010626
2021-10-01,0.323654999865377
2021-10-02,0.320038338851881
2021-10-03,0.316397757768102
2021-10-04,0.312737442294666
2021-10-05,0.309061668504532
2021-10-06,0.305374783457389
2021-10-07,0.30168118506545
2021-10-08,0.2979853014296
2021-10-09,0.294291569853834
2021-10-10,0.290604415751354
2021-10-11,0.286928231657465
2021-10-12,0.283267356562431
2021-10-13,0.279626055771803
2021-10-14,0.276008501492556
2021-10-15,0.272418754330885
2021-10-16,0.26886074587208
2021-10-17,0.26533826249489
2021-10-18,0.26185493055262
2021-10-19,0.258414203031446
2021-10-20,0.255019347773542
2021-10-21,0.251673437329088
2021-10-22,0.248379340477686
2021-10-23,0.245139715436523
2021-10-24,0.241957004750306
2021-10-25,0.238833431836958
2021-10-26,0.235770999143628
2021-10-27,0.232771487850028
2021-10-28,0.229836459040692
2021-10-29,0.226967256254576
2021-10-30,0.224165009309636
2021-10-31,0.221430639291555
2021-11-01,0.218764864589688
2021-11-02,0.21616820785946
2021-11-03,0.213641003788684
2021-11-04,0.211183407545507
2021-11-05,0.208795403787676
2021-11-06,0.206476816116365
2021-11-07,0.204227316862654
2021-11-08,0.202046437100796
2021-11-09,0.199933576789227
2021-11-10,0.19788801494788
2021-11-11,0.195908919788362
2021-11-12,0.193995358721875
2021-11-13,0.192146308178171
2021-11-14,0.190360663177246
2021-11-15,0.188637246603675
2021-11-16,0.186974818141435
2021-11-17,0.18537208283465
2021-11-18,0.183827699246835
2021-11-19,0.182340287197831
2021-11-20,0.180908435063795
2021-11-21,0.179530706631125
2021-11-22,0.178205647500266
2021-11-23,0.176931791039755
2021-11-24,0.175707663894796
2021-11-25,0.174531791058043
2021-11-26,0.173402700513141
2021-11-27,0.172318927463994
2021-11-28,0.171279018164698
2021-11-29,0.170281533366646
2021-11-30,0.169325051400521
2021-12-01,0.168408170911734
2021-12-02,0.167529513268475
2021-12-03,0.166687724661815
2021-12-04,0.165881477917409
2021-12-05,0.165109474038213
2021-12-06,0.164370443497358
2021-12-07,0.163663147299892
2021-12-08,0.162986377831567
2021-12-09,0.162338959512213
2021-12-10,0.161719749270533
2021-12-11,0.161127636856403
2021-12-12,0.160561545005947
2021-12-13,0.160020429473854
2021-12-14,0.159503278946556
2021-12-15,0.159009114849042
2021-12-16,0.158536991057275
2021-12-17,0.15808599352734
2021-12-18,0.157655239851663
2021-12-19,0.157243878751865
2021-12-20,0.156851089517082
2021-12-21,0.156476081395847
2021-12-22,0.15611809294897
2021-12-23,0.1557763913702
2021-12-24,0.15545027178084
2021-12-25,0.155139056503915
2021-12-26,0.154842094322956
2021-12-27,0.154558759729954
2021-12-28,0.154288452166575
2021-12-29,0.154030595262288
2021-12-30,0.153784636072652
2021-12-31,0.15355004432064
2022-01-01,0.153326311643534
2022-01-02,0.153098542859121
2022-01-03,0.153098542719751
2022-01-04,0.153098542575305
2022-01-05,0.153098542426104
2022-01-06,0.153098542272582
2022-01-07,0.153098542115315
2022-01-08,0.153098541955042
2022-01-09,0.153098541792693
2022-01-10,0.153098541629427
2022-01-11,0.153098541466663
2022-01-12,0.15309854130613
2022-01-13,0.153098541149916
2022-01-14,0.153098541000524
2022-01-15,0.153098540860941
2022-01-16,0.153098540734715
2022-01-17,0.153098540626041
2022-01-18,0.153098540539863
2022-01-19,0.153098540481991
2022-01-20,0.153098540459233
2022-01-21,0.153098540479545
2022-01-22,0.153098540552208
2022-01-23,0.153098540688026
2022-01-24,0.153098540899553
2022-01-25,0.153098541201354
2022-01-26,0.153098541610306
2022-01-27,0.153098542145932
2022-01-28,0.153098542830799
2022-01-29,0.153098543690954
2022-01-30,0.153098544756441
2022-01-31,0.153098546061874
2022-02-01,0.153098547647104
2022-02-02,0.153098549557974
2022-02-03,0.153098551847182
2022-02-04,0.153098554575269
2022-02-05,0.153098557811742
2022-02-06,0.153098561636355
2022-02-07,0.153098566140576
2022-02-08,0.153098571429257
2022-02-09,0.153098577622534
2022-02-10,0.153098584858
2022-02-11,0.153098593293183
2022-02-12,0.153098603108366
2022-02-13,0.153098614509805
2022-02-14,0.153098627733398
2022-02-15,0.153098643048867
2022-02-16,0.153098660764519
2022-02-17,0.153098681232684
2022-02-18,0.153098704855897
2022-02-19,0.153098732093954
2022-02-20,0.153098763471948
2022-02-21,0.153098799589423
2022-02-22,0.153098841130808
2022-02-23,0.153098888877301
2022-02-24,0.153098943720406
2022-02-25,0.15309900667736
2022-02-26,0.153099078908699
2022-02-27,0.153099161738273
2022-02-28,0.15309925667604
2022-03-01,0.153099365444028
2022-03-02,0.153099490005912
2022-03-03,0.153099632600687
2022-03-04,0.153099795781033
2022-03-05,0.153099982456991
2022-03-06,0.153100195945722
2022-03-07,0.153100440028151
2022-03-08,0.153100719013491
2022-03-09,0.153101037812709
2022-03-10,0.153101402022186
2022-03-11,0.153101818018977
2022-03-12,0.153102293069294
2022-03-13,0.153102835452011
2022-03-14,0.153103454599309
2022-03-15,0.153104161256803
2022-03-16,0.15310496766587
2022-03-17,0.153105887771231
2022-03-18,0.153106937457302
2022-03-19,0.153108134817279
2022-03-20,0.15310950045949
2022-03-21,0.153111057856173
2022-03-22,0.153112833740537
2022-03-23,0.153114858558788
2022-03-24,0.153117166984712
2022-03-25,0.153119798505457
2022-03-26,0.15312279808835
2022-03-27,0.153126216939927
2022-03-28,0.153130113369911
2022-03-29,0.153134553774603
2022-03-30,0.153139613756145
2022-03-31,0.153145379396371
2022-04-01,0.15315194870653
2022-04-02,0.153159433277052
2022-04-03,0.153167960154857
2022-04-04,0.153177673979424
2022-04-05,0.153188739413093
2022-04-06,0.153201343905881
2022-04-07,0.153215700840515
2022-04-08,0.153232053109557
2022-04-09,0.153250677183449
2022-04-10,0.153271887736128
2022-04-11,0.15329604290375
2022-04-12,0.153323550261997
2022-04-13,0.153354873618635
2022-04-14,0.153390540730582
2022-04-15,0.153431152068771
2022-04-16,0.153477390769793
2022-04-17,0.153530033930798
2022-04-18,0.153589965423442
2022-04-19,0.153658190424111
2022-04-20,0.153735851881053
2022-04-21,0.153824249164748
2022-04-22,0.153924859175492
2022-04-23,0.154039360212009
2022-04-24,0.154169658936328
2022-04-25,0.154317920803108
2022-04-26,0.15448660435507
2022-04-27,0.154678499819534
2022-04-28,0.154896772472646
2022-04-29,0.15514501126586
2022-04-30,0.155427283231054
2022-05-01,0.155748194192615
2022-05-02,0.156112956312391
2022-05-03,0.156527462970482
2022-05-04,0.156998371433522
2022-05-05,0.157533193672611
2022-05-06,0.15814039555277
2022-05-07,0.158829504409399
2022-05-08,0.159611224735951
2022-05-09,0.160497561308325
2022-05-10,0.161501948539169
2022-05-11,0.162639384159396
2022-05-12,0.163926564431883
2022-05-13,0.165382016979445
2022-05-14,0.167026225922887
2022-05-15,0.168881742348386
2022-05-16,0.170973271142217
2022-05-17,0.173327722952672
2022-05-18,0.175974217506574
2022-05-19,0.178944021815422
2022-05-20,0.18227040411939
2022-05-21,0.185988381995573
2022-05-22,0.190134341273681
2022-05-23,0.194745501762459
2022-05-24,0.199859206930474
2022-05-25,0.205512018353773
2022-05-26,0.211738602740657
2022-05-27,0.218570410414338
2022-05-28,0.22603415979675
2022-05-29,0.234150162759826
2022-05-30,0.242930550048112
2022-05-31,0.252377482713018
2022-06-01,0.262481461880328
2022-06-02,0.273219871324759
2022-06-03,0.28455590056328
2022-06-04,0.296437995671602
2022-06-05,0.308799966800245
2022-06-06,0.321561843484293
2022-06-07,0.334631512498488
2022-06-08,0.34790710313757
2022-06-09,0.361280009858273
2022-06-10,0.374638372993073
2022-06-11,0.387870785817444
2022-06-12,0.400869969579641
2022-06-13,0.413536161904263
2022-06-14,0.425779997579083
2022-06-15,0.437524718219956
2022-06-16,0.448707618985253
2022-06-17,0.459280715150621
2022-06-18,0.469210678576487
2022-06-19,0.47847814623719
2022-06-20,0.487076536031461
2022-06-21,0.495010518711008
2022-06-22,0.502294291490308
2022-06-23,0.5089497830273
2022-06-24,0.515004895867971
2022-06-25,0.520491865661876
2022-06-26,0.525445790096323
2022-06-27,0.529903357032711
2022-06-28,0.533901782117262
2022-06-29,0.537477951626548
2022-06-30,0.540667756293416
2022-07-01,0.543505595748306
2022-07-02,0.546024030233528
2022-07-03,0.548253555608377
2022-07-04,0.550222478636139
2022-07-05,0.551956871524575
2022-07-06,0.553480587207713
2022-07-07,0.554815319564633
2022-07-08,0.555980695436199
2022-07-09,0.556994387777109
2022-07-10,0.557872241488315
2022-07-11,0.558628405381072
2022-07-12,0.559275465327277
2022-07-13,0.559824574969675
2022-07-14,0.560285581428708
2022-07-15,0.560667144283836
2022-07-16,0.560976846760029
2022-07-17,0.561221298547159
2022-07-18,0.561406230050205
2022-07-19,0.561536578136927
2022-07-20,0.561616563638515
2022-07-21,0.561649760985634
2022-07-22,0.56163916044188
2022-07-23,0.561587223440824
2022-07-24,0.561495931550904
2022-07-25,0.561366829591867
2022-07-26,0.561201063412933
2022-07-27,0.560999412820797
2022-07-28,0.560762320118319
2022-07-29,0.56048991468476
2022-07-30,0.560182033997544
2022-07-31,0.559838241465082
2022-08-01,0.559457841411163
2022-08-02,0.559039891524354
2022-08-03,0.558583213061339
2022-08-04,0.558086399071239
2022-08-05,0.557547820889067
2022-08-06,0.556965633130426
2022-08-07,0.556337777406582
2022-08-08,0.55566198496892
2022-08-09,0.554935778484608
2022-08-10,0.55415647314088
2022-08-11,0.553321177273626
2022-08-12,0.552426792716877
2022-08-13,0.551470015073084
2022-08-14,0.550447334109718
2022-08-15,0.549355034495427
2022-08-16,0.548189197098605
2022-08-17,0.546945701082402
2022-08-18,0.545620227042693
2022-08-19,0.544208261448821
2022-08-20,0.542705102660664
2022-08-21,0.541105868808998
2022-08-22,0.539405507838718
2022-08-23,0.537598810025276
2022-08-24,0.53568042328277
2022-08-25,0.533644871586453
2022-08-26,0.531486576831672
2022-08-27,0.529199884444125
2022-08-28,0.526779093041269
2022-08-29,0.524218488420248
2022-08-30,0.521512382112098
2022-08-31,0.518655154693683
2022-09-01,0.515641303986275
2022-09-02,0.512465498191526
2022-09-03,0.509122633920721
2022-09-04,0.505607898961064
2022-09-05,0.501916839493128
2022-09-06,0.498045431327306
2022-09-07,0.493990154565496
2022-09-08,0.489748070920056
2022-09-09,0.485316902738901
2022-09-10,0.480695112598524
2022-09-11,0.47588198214193
2022-09-12,0.470877688663503
2022-09-13,0.465683377786238
2022-09-14,0.460301230447967
2022-09-15,0.454734522322125
2022-09-16,0.448987673755057
2022-09-17,0.443066288315082
2022-09-18,0.436977178126539
2022-09-19,0.430728374310655
2022-09-20,0.424329121077586
2022-09-21,0.417789852310151
2022-09-22,0.411122149845593
2022-09-23,0.404338683088903
2022-09-24,0.397453130067481
2022-09-25,0.39048008054582
2022-09-26,0.38343492234095
2022-09-27,0.376333712492629
2022-09-28,0.369193035423697
2022-09-29,0.362029850652794
2022-09-30,0.354861332972857
2022-10-01,0.34770470826649
2022-10-02,0.340577088280256
2022-10-03,0.333495307716037
2022-10-04,0.326475766917154
2022-10-05,0.319534283233933
2022-10-06,0.312685953858216
2022-10-07,0.305945032533909
2022-10-08,0.299324822100381
2022-10-09,0.29283758432921
2022-10-10,0.286494467995401
2022-10-11,0.280305455604668
2022-10-12,0.274279328699689
2022-10-13,0.268423651208959
2022-10-14,0.262744769896742
2022-10-15,0.257247830632611
2022-10-16,0.251936808930595
2022-10-17,0.246814553013763
2022-10-18,0.241882837538787
2022-10-19,0.237142426062471
2022-10-20,0.232593140341527
2022-10-21,0.228233934619564
2022-10-22,0.224062973161722
2022-10-23,0.220077709437719
2022-10-24,0.216274965518558
2022-10-25,0.212651010431513
2022-10-26,0.209201636404253
2022-10-27,0.205922232114846
2022-10-28,0.202807852244298
2022-10-29,0.199853282797608
2022-10-30,0.197053101814822
2022-10-31,0.194401735233099
2022-11-01,0.191893507783114
2022-11-02,0.189522688907937
2022-11-03,0.187283533780067
2022-11-04,0.18517031956343
2022-11-05,0.183177377123019
2022-11-06,0.181299118426928
2022-11-07,0.1795300599153
2022-11-08,0.177864842129843
2022-11-09,0.176298245907636
2022-11-10,0.174825205445436
2022-11-11,0.173440818537071
2022-11-12,0.172140354278013
2022-11-13,0.170919258518991
2022-11-14,0.169773157335589
2022-11-15,0.16869785876398
2022-11-16,0.167689353034961
2022-11-17,0.166743811519993
2022-11-18,0.165857584584343
2022-11-19,0.165027198524131
2022-11-20,0.164249351746418
2022-11-21,0.163520910334555
2022-11-22,0.162838903125086
2022-11-23,0.162200516407597
2022-11-24,0.161603088345131
2022-11-25,0.16104410320011
2022-11-26,0.160521185439157
2022-11-27,0.160032093779755
2022-11-28,0.159574715232252
2022-11-29,0.15914705918229
2022-11-30,0.158747251551222
2022-12-01,0.158373529065443
2022-12-02,0.158024233659709
2022-12-03,0.157697807034384
2022-12-04,0.157392785382089
2022-12-05,0.157107794295371
2022-12-06,0.156841543863654
2022-12-07,0.15659282396491
2022-12-08,0.156360499755041
2022-12-09,0.15614350735592
2022-12-10,0.155940849741344
2022-12-11,0.155751592818712
2022-12-12,0.155574861703102
2022-12-13,0.155409837179453
2022-12-14,0.15525575234786
2022-12-15,0.155111889446362
2022-12-16,0.15497757684522
2022-12-17,0.154852186206336
2022-12-18,0.15473512980128
2022-12-19,0.154625857981266
2022-12-20,0.15452385679238
2022-12-21,0.154428645729385
2022-12-22,0.15433977562148
2022-12-23,0.15425682664353
2022-12-24,0.154179406446388
2022-12-25,0.154107148400149
2022-12-26,0.154039709944316
2022-12-27,0.153976771039096
2022-12-28,0.153918032712252
2022-12-29,0.153863215696146
2022-12-30,0.153812059149851
2022-12-31,0.153764319461436
2023-01-01,0.153719769125741
